Task Name,Objects,Instructions,Wrong Instructions
ReachTarget,"['target', 'boundary', 'distractor0', 'distractor1']","['reach the magenta target', 'touch the magenta ball with the panda gripper', 'reach the magenta sphere']","['reach the blue target', 'touch the green ball with the panda gripper', 'reach the red sphere']"
CloseBox,"['box_base', 'box_lid']","['close box', 'close the lid on the box', 'shut the box', 'shut the box lid']","['open the box', 'remove the lid', 'lift the box', 'rotate the box']"
CloseMicrowave,"['boundary_root', 'microwave_frame_resp', 'microwave_frame_vis', 'microwave_door_resp', 'microwave_door']","['close microwave', 'shut the microwave', 'close the microwave door', 'push the microwave door shut']","['open microwave', 'pull the microwave door', 'leave the microwave door open']"
PlugChargerInPowerSupply,"['plug', 'task_wall', 'charger_boundary', 'hole0', 'hole1', 'charger', 'hole_visual0', 'hole_visual1', 'charger_visual', 'detector1', 'detector2']","['plug charger in power supply', 'pick up the charger and plug in it', 'plug the charger into the mains', 'lift the charger up to the wall and plug it in', 'plug the charger into the wall']","['pick up the plug and place it on the task_wall', 'insert the charger into hole0', 'move the charger to the charger_boundary']"
ToiletSeatDown,"['toilet_seat_up_toilet', 'toilet', 'toilet_seat_up_respondable', 'toilet_seat_up_seat']","['toilet seat down', 'put the toilet seat down', 'grasping the top of the lid, close the toilet seat', 'put the toilet lid down', 'leave the toilet seat down', 'close the lid on the toilet', 'leave the toilet seat down', 'lower the toilet seat', 'grip the edge of the toilet lid and lower it flat on the toilet seat']","['raise the toilet seat', 'open the toilet lid', 'lift the toilet seat up']"
TakeUmbrellaOutOfUmbrellaStand,"['stand', 'umbrella', 'stand_visual', 'umbrella_visual']","['take umbrella out of umbrella stand', 'grasping the umbrella by its handle, lift it up and out of the stand', 'remove the umbrella from the stand', 'retrieve the umbrella from the stand', 'get the umbrella', 'lift the umbrella out of the stand']","['place umbrella into umbrella stand', 'grasping the umbrella by its handle, push it down into the stand', 'insert the umbrella into the stand']"
PutUmbrellaInUmbrellaStand,"['stand', 'umbrella', 'stand_visual', 'umbrella_visual']","['put umbrella in umbrella standpick up the umbrella and drop it in its stand', 'use the handle to lift the umbrella and place it in its holderset the umbrella down inside the umbrella stand']","['place the umbrella on the stand', 'drop the umbrella next to the stand', 'put the umbrella on top of the stand']"
SlideCabinetOpen,"['cabinet_base', 'left_board0', 'right_board', 'left_handle_visual', 'left_board_visual', 'right_handle_visual', 'right_board_visual']","['slide left cabinet open', 'open the left door', 'open the left half of the cabinet', 'slide open the left slide of the cabinet', 'grip the left handle and slide the door open', ""grasp the left door's handle and and drag it towards the middle of the cabinet in order to slide that door open""]","['slide right cabinet open', 'open the right door', 'open the right half of the cabinet']"
CloseFridge,"['fridge_root', 'fridge_base', 'fridge_base_visual', 'shelf0', 'door_bottom', 'door_top', 'shelf1', 'shelf2', 'door_bottom_visual', 'door_top_visual']","['close fridge', 'close the fridge', 'shut the fridge', 'close the fridge door', 'swing the fridge door shut']","['open fridge', 'open the fridge', 'leave the fridge open', 'swing the fridge door open', 'keep the fridge door open']"
PickAndLift,"['pick_and_lift_target', 'pick_and_lift_boundary', 'success_visual', 'stack_blocks_distractor1', 'stack_blocks_distractor0']","['pick up the orange block and lift it up to the target', 'grasp the orange block to the target', 'lift the orange block up to the target']","['pick up the orange block and place it on the boundary', 'grasp the orange block and move it to the distractor', 'lift the orange block and drop it']"
OpenBox,"['box_base', 'box_lid']","['open box', 'open the box lid', 'open the box', 'grasp the lid and open the box']","['close the box', 'grasp the base and open the box', 'open the box base']"
OpenMicrowave,"['boundary_root', 'microwave_frame_resp', 'microwave_frame_vis', 'microwave_door_resp', 'microwave_door']","['open microwave', 'open the microwave door', 'pull the microwave door open']","['close microwave', 'push the microwave door closed', 'leave the microwave door as is']"
UnplugCharger,"['plug', 'task_wall', 'charger', 'hole1', 'hole2', 'charger_visual', 'hole_visual1', 'hole_visual2']","['unplug charger', 'take the charger out of the wall', 'grip the black charger and pull it out of its socket', 'slide the plug out from the wall', 'remove the charger from the mains', 'get the charger from the wall plug']","['insert charger', 'push the charger into the wall', 'grip the black charger and push it into its socket', 'slide the plug into the wall', 'insert the charger into the mains', 'put the charger into the wall plug']"
ToiletSeatUp,"['toilet_seat_up_toilet', 'toilet_seat_up_respondable', 'toilet_seat_up_seat']","['lift toilet seat up', 'put the toilet seat up', 'leave the lid of the toilet seat in a upright position', 'grip the edge of the toilet seat and lift it up to an upright position', 'leave the toilet lid open', 'raise the toilet seat']","['lower the toilet seat', 'put the toilet seat down', 'leave the lid of the toilet seat in a down position']"
OpenFridge,"['fridge_root', 'fridge_base', 'fridge_base_visual', 'shelf0', 'door_bottom', 'door_top', 'shelf1', 'shelf2', 'door_bottom_visual', 'door_top_visual']","['open fridge', 'grip the handle and slide the fridge door open', 'open the fridge door']","['close fridge', 'grip the handle and slide the fridge door closed', 'close the fridge door']"
TurnTap,"['tap_main', 'tap_main_visual', 'tap_left', 'tap_right', 'tap_left_visual', 'tap_right_visual']","['turn right tap', 'rotate the right tap', 'grasp the right tap and turn it']","['turn left tap', 'rotate the left tap', 'grasp the left tap and turn it']"
LightBulbIn,"['lamp_base', 'bulb_holder1', 'bulb_holder0', 'spawn_boundary', 'lamp_screw', 'bulb_phys1', 'bulb_phys0', 'light_bulb1', 'light_bulb0', 'bulb1', 'bulb0']","['screw in the silver light bulb', 'screw the light bulb from the silver holder into the lamp', 'pick up the light bulb from the silver stand, lift it up to just above the lamp, then screw it down into the lamp in a clockwise fashion', 'put the light bulb from the silver casing into the lamp']","['screw in the gold light bulb', 'screw the light bulb from the gold holder into the lamp', 'pick up the light bulb from the gold stand, lift it up to just above the lamp, then screw it down into the lamp in a counterclockwise fashion', 'put the light bulb from the gold casing into the lamp']"
BasketballInHoop,"['basket_boundary_root', 'basket_ball_hoop_respondable', 'ball_stop', 'ball', 'basket_ball_hoop_visual']","['put the ball in the hoop', 'play basketball', 'shoot the ball through the net', 'pick up the basketball and put it in the hoop', 'throw the basketball through the hoop', 'place the basket ball through the hoop']","['put the ball outside the hoop', 'play soccer', 'shoot the ball away from the net']"
OpenWindow,"['boundary_root', 'window_main', 'right_frame', 'window_wall0', 'window_main_visual', 'right_frame_visual', 'left_frame', 'window_left', 'left_frame_visual', 'left_handle', 'left_handle_visual']","['open left window', 'rotate the handle to unlock the left window, then open it', 'push the left window open', 'use the handle to open the left window']","['close left window', 'rotate the handle to lock the left window, then close it', 'pull the left window closed', 'use the handle to close the left window']"
CloseDoor,"['boundary_root', 'door_frame', 'door_main', 'door_main_visible', 'open_door_handle', 'door_handle_visible']","['close the door', 'shut the door', 'grip the handle and pull the door shut', 'use the handle to move the door closed']","['open the door', 'push the door', 'grip the handle and push the door open']"
PushButton,"['push_button_target', 'target_button_topPlate', 'target_button_wrap']","['push the blue button', 'push down the blue button', 'press the button with the blue base', 'press the blue button']","['pick up the blue button', 'rotate the blue button', 'lift the blue button']"
PutItemInDrawer,"['drawer_frame', 'item', 'drawer_legs', 'drawer_bottom', 'drawer_middle', 'drawer_top']","['put item in top drawer', 'put the block away in the top drawer', 'open the top drawer and place the block inside of it', 'leave the block in the top drawer']","['put item in bottom drawer', 'put the block away in the middle drawer', 'open the bottom drawer and place the block inside of it']"
OpenDrawer,"['drawer_frame', 'drawer_legs', 'drawer_bottom', 'drawer_middle', 'drawer_top']","['open top drawer', 'grip the top handle and pull the top drawer open', 'slide the top drawer open']","['close bottom drawer', 'grip the middle handle and push the middle drawer closed', 'slide the bottom drawer closed']"
CloseDrawer,"['drawer_frame', 'drawer_legs', 'drawer_bottom', 'drawer_middle', 'drawer_top']","['close bottom drawer', 'shut the bottom drawer', 'slide the bottom drawer shut']","['open the bottom drawer', 'pull the bottom drawer out', 'leave the bottom drawer open']"
TurnOvenOn,"['turn_oven_on_boundary_root', 'oven_frame', 'oven_base_resp', 'oven_knob_8', 'oven_stove_top0', 'oven_gas_source0', 'oven_knob_10', 'oven_knob_11', 'oven_knob_12', 'oven_knob_13', 'oven_knob_14', 'oven_door_resp', 'oven_knob', 'oven_tray_repondable', 'oven_door', 'oven_knob_9', 'oven_tray']","['turn on the oven', 'grip the left most knob on the oven and rotate it anti-clockwise to turn the oven on', 'turn the left most knob on the oven to switch the oven on', 'heat up the oven', 'get the oven hot', 'preheat the oven', 'get the oven heat going']","['turn off the oven', 'grip the right most knob on the oven and rotate it clockwise to turn the oven off', 'turn the right most knob on the oven to switch the oven off', 'cool down the oven', 'get the oven cold', 'stop preheating the oven', 'get the oven heat off']"
LightBulbOut,"['lamp_base', 'bulb_holder1', 'bulb_holder0', 'spawn_boundary', 'lamp_screw', 'bulb_phys', 'light_bulb', 'bulb']","['put the bulb in the silver holder', 'screw the bulb out and leave it in the silver stand', 'remove the bulb from the lamp and put it in the silver stand', 'take the light bulb out of the lamp and place it in the silver holder', 'grasp the light bulb, twist it anti clockwise until it is no longer attached to the lamp, and drop it into the silver stand']","['put the bulb in the lamp base', 'screw the bulb out and leave it in the lamp base', 'remove the bulb from the lamp and put it in the lamp base', 'take the light bulb out of the lamp and place it in the lamp base', 'grasp the light bulb, twist it clockwise until it is no longer attached to the lamp, and drop it into the lamp base']"
TvOn,"['tv_frame', 'tv_remote', 'spawn_boundary', 'target_button_topPlate0', 'target_button_topPlate1', 'target_button_topPlate2', 'target_button_wrap0', 'power_visual', 'target_button_wrap1', 'plus_visual', 'target_button_wrap2', 'minus_visual']","['turn on the TV', 'point the remote control at the television and turn on the television', 'pick up the remote and rotate it such that the front of the remote is pointed straight at the television, then set the remote down and press the power button down in order to switch on the TV', 'find the power button at the top of the remote, ensure the remote is pointed at the tv, then turn the tv on']","['turn off the TV', 'point the remote control at the television and turn off the television', 'pick up the remote and rotate it such that the front of the remote is pointed straight at the television, then set the remote down and press the power button down in order to switch off the TV', 'find the power button at the top of the remote, ensure the remote is pointed at the tv, then turn the tv off']"
OpenOven,"['oven_boundary_root', 'oven_frame0', 'oven_base', 'oven_knob_8', 'oven_stove_top0', 'oven_gas_source0', 'oven_knob_10', 'oven_knob_11', 'oven_knob_12', 'oven_knob_13', 'oven_knob_14', 'oven_door', 'oven_knob', 'oven_tray', 'oven_door_visual', 'oven_knob_visual', 'oven_tray_visual']","['open the oven', 'open the oven door', 'grab hold of the the handle and pull the oven door open']","['close the oven', 'close the oven door', 'grab hold of the handle and push the oven door closed']"
OpenDoor,"['boundary_root', 'door_frame', 'door_main', 'door_main_visible', 'open_door_handle', 'door_handle_visible']","['open the door', 'grip the handle and push the door open', 'use the handle to open the door']","['close the door', 'grip the handle and pull the door closed', 'use the handle to close the door']"
TakeItemOutOfDrawer,"['item', 'drawer_frame', 'drawer_legs', 'drawer_bottom', 'drawer_middle', 'drawer_top']","['take item out of the bottom drawer', 'open the bottom drawer and take the cube out', 'grasp the bottom handle on the drawers, pull the drawer open, and take out what you find inside', 'clear out the bottom drawer', 'make sure the bottom drawer is empty', 'lift the block out of the bottom drawer', 'using the handle, open the bottom drawer, and remove any items #inside']","['take item out of the top drawer', 'open the middle drawer and take the cube out', 'grasp the top handle on the drawers, pull the drawer open, and take out what you find inside', 'clear out the middle drawer', 'make sure the top drawer is empty', 'lift the block out of the top drawer', 'using the handle, open the middle drawer, and remove any items #inside']"
BeatTheBuzz,"['Cuboid', 'wand', 'wand_visual', 'wand_visual_sub']","['beat the buzz', 'slide the ring along the pole without allowing them to touch', 'slide the ring along the metal pole, avoiding contact between them', 'slide the ring from one end of the pole to the other without allowing them to touch', 'slide the ring from one end of the pole to the other, avoiding contact between them', 'move the ring from one end of the pole to the other, maintaining a gap between them', 'move the ring from end of the pole to the other whilst maintaining separation between them']","['beat the buzz', 'drop the ring on the pole', 'slide the ring along the pole, making sure they touch', 'slide the ring from one end of the pole to the other, ensuring contact between them', 'move the ring from one end of the pole to the other, allowing them to touch', 'move the ring from end of the pole to the other whilst ensuring they touch', 'slide the ring along the metal pole, making sure they touch']"
BlockPyramid,"['block_pyramid_block0', 'block_pyramid_block1', 'block_pyramid_block2', 'block_pyramid_block3', 'block_pyramid_block4', 'block_pyramid_block5', 'block_pyramid_distractor_block0', 'block_pyramid_distractor_block1', 'block_pyramid_distractor_block2', 'block_pyramid_distractor_block3', 'block_pyramid_distractor_block4', 'block_pyramid_distractor_block5', 'block_pyramid_boundary0', 'block_pyramid_boundary1', 'block_pyramid_boundary2', 'block_pyramid_boundary3', 'block_pyramid_plane']","['stack black blocks in a pyramid', 'create a pyramid with the black objects', 'make a pyramid out of black cubes', 'position the black blocks in the shape of a pyramid', 'use the black blocks to build a pyramid']","['stack distractor blocks in a pyramid', 'create a pyramid with the distractor objects', 'make a pyramid out of distractor cubes']"
ChangeClock,"['clock', 'clock_visual', 'clock_needle_hour', 'clock_stand', 'clock_needle_crank', 'clock_needle_minute', 'clock_needle_crank_visual']","['change the clock to show time 12.15', 'adjust the time to 12.15', 'change the clock to 12.15', 'set the clock to 12.15', 'turn the knob on the back of the clock until the time shows 12.15', 'rotate the wheel on the clock to make it show 12.15', 'make the clock say 12.15', 'turn the knob on the back of the clock 90 degrees']","['change the clock to show time 3.45', 'adjust the time to 6.30', 'change the clock to 9.00', 'set the clock to 11.00', 'turn the knob on the back of the clock until the time shows 2.15', 'rotate the wheel on the clock to make it show 4.30', 'make the clock say 7.00', 'turn the knob on the back of the clock 180 degrees']"
CloseJar,"['jar0', 'jar1', 'spawn_boundary', 'jar_lid0']","['close the black jar', 'screw on the black jar lid', 'grasping the lid, lift it from the table and use it to seal the black jar', 'pick up the lid from the table and put it on the black jar']","['open the black jar', 'remove the black jar lid', 'grasping the jar, lift it from the table and use it to seal the black jar', 'pick up the jar from the table and put it on the black jar lid']"
CloseLaptopLid,"['base', 'laptop_holder', 'base_visual', 'lid', 'lid_visual']","['close laptop lid', 'close the laptop', 'shut the laptop lid']","['open laptop lid', 'open the laptop', 'raise the laptop lid']"
EmptyContainer,"['large_container', 'small_container0', 'small_container1', 'spawn_boundary']","['empty the container in the to purple container', 'clear all items from the large tray and put them in the purple tray', 'move all objects from the large container and drop them into the smaller purple one', 'remove whatever you find in the big box in the middle and leave them in the purple one', 'grasp and move all objects into the purple container']","['fill the container with items from the purple container', 'move all objects from the small container to the large one', 'place all items from the purple tray into the large tray']"
EmptyDishwasher,"['boundary_root', 'dishwasher', 'dishwasher_base_visual', 'dishwasher_door', 'dishwasher_tray', 'dishwasher_door_visual', 'dishwasher_tray_visual', 'dishwasher_plate', 'dishwasher_plate_visual']","['empty the dishwasher', 'take dishes out of dishwasher', 'open the  dishwasher door, slide the rack out and remove the dishes']","['close the dishwasher door', 'put dishes into dishwasher', 'slide the rack in and close the dishwasher door']"
GetIceFromFridge,"['fridge_root', 'fridge_base', 'cup', 'fridge_visual', 'Plane', 'cup_visual', 'tongue', 'tongue_visual']","['get ice from fridge', 'use the cup to get ice from the fridge', 'pick up the cup and fill it with ice from the fridge', 'push the cup up against the tongue of the ice dispenser to retrieve ice from the fridge']","['get ice from the cup', 'use the tongue to get ice from the fridge', 'pick up the tongue and fill it with ice from the fridge', 'push the tongue up against the cup of the ice dispenser to retrieve ice from the fridge']"
HangFrameOnHanger,"['frame', 'task_wall', 'frame_visual', 'frame_detector', 'Cuboid2', 'picture', 'hanger']","['hang frame on hanger', 'hang the picture up', 'hang the picture frame up on the wall', 'place the frame on the hanger']","['place the frame on the floor', 'hang the cuboid on the hanger', 'put the picture on the frame']"
InsertOntoSquarePeg,"['square_base', 'pillar0', 'pillar1', 'pillar2', 'boundary0', 'boundary1', 'boundary3', 'boundary2', 'square_ring']","['put the ring on the yellow spoke', 'slide the ring onto the yellow colored spoke', 'place the ring onto the yellow spoke']","['put the ring on the red spoke', 'slide the ring onto the blue colored spoke', 'place the ring onto the green spoke']"
PutRubbishInBin,"['bin', 'rubbish', 'tomato1', 'tomato2', 'bin_visual', 'rubbish_visual', 'tomato1_visual', 'tomato2_visual']","['put rubbish in bin', 'drop the rubbish into the bin', 'pick up the rubbish and leave it in the trash can', 'throw away the trash, leaving any other objects alone', 'chuck way any rubbish on the table rubbish']","['put tomato1 in bin', 'drop the tomato2 into the bin', 'pick up the tomato1 and leave it in the trash can']"
PutShoesInBox,"['shoe2', 'box_base', 'shoe1', 'shoe2_visual', 'shoe1_visual', 'box_lid']","['put the shoes in the box', 'open the box and place the shoes inside', 'open the box lid and put the shoes inside']","['close the box and place the shoes inside', 'put the shoes on top of the box', 'open the box and take the shoes out']"
PutToiletRollOnStand,"['toilet_roll_box', 'stand_base', 'boundary_roll', 'boundary_stand', 'toilet_roll', 'toilet_roll_holder', 'toilet_roll_visual', 'holder_visual']","['put toilet roll on stand', 'place the toilet roll on the stand', 'slide the roll onto its holder']","['put the stand on the toilet roll', 'place the stand on the toilet roll', 'slide the holder onto the roll']"
PutTrayInOven,"['oven_boundary_root', 'tray', 'oven_frame0', 'oven_base', 'oven_tray_boundary', 'tray_visual', 'oven_knob_8', 'oven_stove_top0', 'oven_gas_source0', 'oven_knob_10', 'oven_knob_11', 'oven_knob_12', 'oven_knob_13', 'oven_knob_14', 'oven_door', 'oven_knob', 'oven_tray', 'oven_door_visual', 'oven_knob_visual', 'oven_tray_visual']","['put tray in oven', 'place the tray in the oven', 'open the oven, then slide the tray in', 'open the oven door, pick up the tray, and put it down on the oven shelf']","['put tray on stove', 'place the tray on the oven top', 'open the oven, then slide the tray under it', 'open the oven door, pick up the tray, and put it down on the floor']"
ReachAndDrag,"['cube', 'stick', 'target0']","['use the stick to drag the cube onto the orange target', 'pick up the stick and use it to push or pull the cube onto the orange target', 'drag the block towards the orange square on the table top', 'grasping the stick by one end, pick it up and use the its other end to move the block onto the orange target']","['use the cube to drag the stick onto the orange target', 'pick up the cube and use it to push or pull the stick onto the orange target', 'drag the stick towards the orange square on the table top', 'grasping the cube by one end, pick it up and use its other end to move the stick onto the orange target']"
RemoveCups,"['tree_boundary', 'place_cups_holder_base', 'place_cups_holder_spoke2', 'place_cups_holder_spoke3', 'place_cups_holder_spoke1', 'place_cups_holder_spoke0', 'mug2', 'mug3', 'mug1', 'mug0', 'mug_visual2', 'mug_visual3', 'mug_visual1', 'mug_visual0']","['remove 2 cups from the cup holder and place it on the table', 'remove 2 cups from the cup holder', 'pick up 2 cups from the mug tree and place them on the table', 'slide 2 mugs off of their spokes on the cup holder and leave them on the table top']","['remove 3 cups from the cup holder and place it on the table', 'remove 1 cup from the cup holder', 'pick up 3 cups from the mug tree and place them on the table', 'slide 1 mug off of their spokes on the cup holder and leave them on the table top']"
ScoopWithSpatula,"['scoop_with_spatula_spatula', 'Cuboid', 'spatula_visual']","['scoop up the cube and lift it with the spatula', 'scoop up the block and lift it with the spatula', 'use the spatula to scoop the cube and lift it', 'use the spatula to scoop the block and lift it', 'pick up the cube using the spatula', 'pick up the block using the spatula']","['scoop up the cube and lift it with the gripper', 'scoop up the block and lift it with the gripper', 'use the gripper to scoop the cube and lift it']"
SetTheTable,"['spoon', 'fork', 'knife', 'glass', 'plate', 'holder', 'spoon_visual', 'fork_visual', 'knife_visual', 'glass_visual', 'plate_visual']","['set the tableplace the dishes and cutlery on the table in preparation for a meal', 'pick up the plate and put it down on the table, then place the fork to its left, the knife and then the spoon to its right, and set the glass down just above them', 'prepare the table for a meal', 'arrange the plate, cutlery and glass neatly on the table so that a person can eat', 'get the table ready for lunch', 'get the table ready for dinner']","['pick up the glass and put it down on the table, then place the knife to its left, the fork and then the spoon to its right, and set the plate down just above them', 'prepare the table for breakfast', 'arrange the glass, cutlery and plate neatly on the table so that a person can eat']"
SetupCheckers,"['chess_board_base', 'chess_board_base_visual', 'checker9', 'checker8', 'checker7', 'checker6', 'checker5', 'checker4', 'checker3', 'checker23', 'checker22', 'checker21', 'checker20', 'checker2', 'checker19', 'checker18', 'checker17', 'checker16', 'checker13', 'checker15', 'checker14', 'checker12', 'checker11', 'checker10', 'checker1', 'checker0', 'chess_board_surface', 'squares_black', 'squares_white']","['place the 2 remaining checkers in their initial positions on the board', 'prepare the checkers board', 'get the chess board ready for a game of checkers', 'setup the checkers board', 'setup checkers', 'arrange the checkers ready for a game', 'get checkers ready']","['place the 3 remaining checkers in their initial positions on the board', 'prepare the chess board', 'get the checkers board ready for a game of chess']"
SlideBlockToTarget,"['target', 'block']","['slide the block to target', 'slide the block onto the target', 'push the block until it is sitting on top of the target', 'slide the block towards the green target', 'cover the target with the block by pushing the block in its direction']","['lift the block and place it on the target', 'rotate the block and drop it on the target', 'pick up the block and move it to the target']"
Hockey,"['hockey_goal', 'hockey_goal_visual', 'hockey_stick', 'hockey_ball']","['hit the ball into the net', 'use the stick to push the hockey ball into the goal', 'pick up the hockey stick, then swing at the ball in the direction of the net', 'score a hockey goal', 'grasping one end of the hockey stick, swing it such that the other end collides with the ball such that the ball goes into the goal']","['pick up the hockey ball and throw it into the net', 'use the hockey stick to hit the goal', 'grasp the hockey goal and move it towards the ball']"
InsertUsbInComputer,"['Cuboid', 'computer', 'usb', 'computer_visual', 'usb_visual0', 'tip', 'Plane', 'Plane0', 'Plane1', 'Plane2', 'usb_visual1']","['insert usb in computer', 'pick up the usb and put it in the computer', 'slide the usb into the usb slot', 'insert the usb stick into the usb port']","['pick up the computer and put it in the usb', 'insert computer in usb', 'slide the computer into the usb slot']"
PressSwitch,"['task_wall', 'switch_main', 'Shape_sub', 'Shape_sub0', 'Shape_sub1', 'switch', 'switch_visual']","['press switch', 'turn the switch on or off', 'flick the switch']","['pick up the switch', 'rotate the switch', 'move the switch to the left']"
PlayJenga,"['Cuboid', 'Cuboid0', 'Cuboid1', 'Cuboid2', 'Cuboid3', 'Cuboid4', 'Cuboid5', 'Cuboid6', 'Cuboid7', 'Cuboid8', 'Cuboid9', 'Cuboid10', 'Cuboid11', 'Cuboid12', 'target_cuboid']","['play jengaTake the protruding block out of the jenga tower without the tower toppling', 'Keeping the tower from tumbling, remove the protruding jenga block', 'Ensuring the jenga tower remains in place, slide the protruding block out']","['Take the jenga block from the top of the tower', 'Remove any block from the jenga tower', 'Slide the block from the bottom of the jenga tower']"
MeatOffGrill,"['grill', 'chicken', 'grill_visual', 'steak', 'chicken_visual', 'steak_visual']","['take the steak off the grill', 'pick up the steak and place it next to the grill', 'remove the steak from the grill and set it down to the side']","['take the chicken off the grill', 'pick up the chicken and place it next to the grill', 'remove the chicken from the grill and set it down to the side']"
HitBallWithQueue,"['queue', 'hit_ball_with_queue_stopper1', 'hit_ball_with_queue_stopper2', 'queue_visual', 'ball', 'hit_ball_with_queue_pocket1', 'hit_ball_with_queue_pocket0', 'hit_ball_with_queue_pocket']","['hit ball with queue in to the goal', 'pot the ball in the goal', 'pick up the que and use it to pot the ball into the goal']","['pick up the ball and use it to hit the queue', 'pot the queue in the goal', 'hit the goal with the queue to pot the ball']"
ScrewNail,"['block', 'screw_driver', 'screw', 'screw_driver_visual', 'screwdriver2', 'screw_visual', 'screw_visual_strip']","['screw the nail in to the block', 'pick up the screwdriver and screw in the protruding nail', 'grasping the screw driver by its handle, slide its tip into the groove on the end of the nail, and rotate the screw driver in an anti clockwise direction around the vertical axis', 'lift the screwdriver up by its handle, lower its tip into the protruding nail, and screw in the nail']","['hammer the nail into the block', 'pick up the block and screw in the protruding nail', 'grasping the screw by its head, slide its tip into the groove on the end of the screwdriver, and rotate the screw in a clockwise direction around the horizontal axis', 'lift the screw up by its head, lower its tip into the protruding screwdriver, and screw in the block']"
LampOff,"['lamp_base', 'push_button_target', 'lamp_screw', 'lampshade', 'cable', 'bulb_phys', 'target_button_topPlate', 'light_bulb', 'target_button_wrap', 'bulb']","['turn off the light', 'press the button to turn off the lamp', 'press the light switch', 'turn the lamp off', 'close the gripper and press on the button until the light turns off']","['turn on the light', 'press the button to turn on the lamp', 'press the light switch to turn on', 'turn the lamp on', 'open the gripper and press on the button until the light turns on']"
LampOn,"['lamp_base', 'lamp_screw', 'lampshade', 'push_button_target', 'cable', 'bulb_phys', 'light_bulb', 'target_button_topPlate', 'bulb', 'target_button_wrap']","['turn on the light', 'press the button to turn on the lamp', 'press the light switch', 'turn the lamp on', 'close the gripper and press on the button until the light turns on']","['turn off the light', 'press the button to turn off the lamp', 'press the light switch to turn off', 'turn the lamp off', 'open the gripper and press on the button until the light turns off']"
MeatOnGrill,"['grill', 'chicken', 'grill_visual', 'steak', 'chicken_visual', 'steak_visual']","['put the chicken on the grill', 'pick up the chicken and place it on the grill', 'grill the chicken']","['put the steak on the grill', 'pick up the steak and place it on the grill', 'grill the steak']"
MoveHanger,"['clothes_rack', 'clothes_rack0', 'clothes_rack_sub1', 'clothes_rack_sub0', 'clothes_rack_sub2', 'clothes_rack_sub3', 'clothes_hanger0', 'clothes_hanger_visual0']","['move hanger onto the other rackmove the hanger from one rack to the other', 'put the hanger on the other rack', 'pick up the hanger and place it on the other rack']","['move the hanger to the same rack', 'put the hanger on the floor', 'pick up the hanger and drop it']"
OpenJar,"['jar0', 'jar1', 'spawn_boundary', 'jar_lid0', 'jar_lid1', 'target']","['open the purple jar', 'unscrew the purple jar', 'grasp the lid of the purple jar, unscrew it in an anti_clockwise direction until it is removed from the jar, and leave it on the table top', 'remove the lid from the purple jam jar and set it down on the table']","['close the purple jar', 'screw the purple jar', 'grasp the lid of the purple jar, screw it in a clockwise direction until it is tightly closed, and leave it on the table top']"
OpenWineBottle,"['bottle', 'bottle_visual', 'label', 'dummy', 'cap', 'cap_visual']","['open wine bottle', 'screw open the wine bottle', 'unscrew the bottle cap then remove it from the wine bottle']","['close wine bottle', 'screw close the wine bottle', 'screw the bottle cap then place it on the wine bottle']"
PlaceCups,"['place_cups_holder_base', 'mug_boundary', 'place_cups_holder_spoke3', 'place_cups_holder_spoke1', 'place_cups_holder_spoke2', 'mug3', 'place_cups_holder_spoke0', 'mug0', 'mug2', 'mug1', 'mug_visual3', 'mug_visual0', 'mug_visual2', 'mug_visual1']","['place 1 cup on the cup holder', 'pick up one cup and put it on the mug tree', 'move 1 mug from the table to the cup holder', 'pick up one cup and slide its handle onto a spoke on the mug holder']","['place 2 cups on the cup holder', 'pick up two cups and put them on the mug tree', 'move 2 mugs from the table to the cup holder', 'pick up one cup and slide its base onto a spoke on the mug holder']"
PlaceHangerOnRack,"['hanger_holder', 'clothes_rack', 'hanger_holder0', 'hanger_holder_visual', 'clothes_hanger', 'clothes_rack_sub2', 'clothes_rack_sub3', 'clothes_hanger_visual']","['pick up the hanger and place in on the rackput the hanger on the rack', 'hang the hanger up', 'grasp the hanger and hang it up']","['pick up the hanger and place it on the hanger_holder', 'put the hanger on the clothes_rack_sub2', 'grasp the hanger and place it on the clothes_rack_sub3']"
PlaceShapeInShapeSorter,"['shape_sorter', 'triangular_prism', 'star', 'moon', 'cube', 'cylinder', 'boundary', 'shape_sorter_visual', 'shape_sorter_top', 'star_visual', 'moon_visual']","['put the triangular prism in the shape sorter', 'pick up the triangular prism and put it in the sorter', 'place the triangular prism into its slot in the shape sorter', 'slot the triangular prism into the shape sorter']","['put the star in the shape sorter', 'pick up the moon and put it in the sorter', 'place the cube into its slot in the shape sorter', 'slot the cylinder into the shape sorter']"
PutBottleInFridge,"['fridge_root', 'fridge_base', 'fridge_base_visual', 'shelf0', 'bottle', 'door_bottom', 'door_top', 'shelf1', 'shelf2', 'bottle_visual', 'cap_visual', 'label', 'door_bottom_visual', 'door_top_visual']","['put bottle in fridge', 'place the bottle inside the fridge', 'open the fridge and put the bottle in there', 'open the fridge door, pick up the bottle, and leave it in the fridge']","['throw the bottle in the fridge', 'place the bottle on top of the fridge', 'open the fridge and put the bottle on the shelf']"
PutKnifeInKnifeBlock,"['chopping_board', 'knife_block', 'boundary', 'chopping_board_visual', 'knife_boundary', 'knife_block_visual', 'knife', 'knife_visual']","['put the knife in the knife block', 'slide the knife into its slot in the knife block', 'place the knife in the knife block', 'pick up the knife and leave it in its holder', 'move the knife from the chopping board to the holder']","['put the knife on the chopping board', 'slide the knife under the knife block', 'place the knife next to the knife block']"
PutMoneyInSafe,"['safe_body', 'dollar_stack_boundary', 'dollar_stack', 'safe_door', 'dollar_back_visual', 'dollar_front_visual']","['put the money away in the safe on the middle shelf', 'leave the money on the middle shelf on the safe', 'place the stack of bank notes on the middle shelf of the safe']","['put the money away in the safe on the top shelf', 'leave the money on the bottom shelf on the safe', 'place the stack of bank notes outside the safe']"
PutPlateInColoredDishRack,"['plate_stand', 'dish_rack', 'boundary', 'plate', 'dish_rack_pillar3', 'dish_rack_pillar4', 'dish_rack_pillar2', 'dish_rack_pillar1', 'dish_rack_pillar0', 'dish_rack_pillar5', 'plate_visual']","['put the plate between the yellow pillars of the dish rack', 'place the plate in the the yellow section of the drying rack', 'pick up the plate and leave it between the yellow spokes on the dish rack']","['put the plate between the red pillars of the dish rack', 'place the plate in the the blue section of the drying rack', 'pick up the plate and leave it between the green spokes on the dish rack']"
SlideCabinetOpenAndPlaceCups,"['cup', 'cabinet_base', 'cup_visual', 'left_board', 'right_board', 'left_handle_visual', 'left_board_visual', 'right_handle_visual', 'right_board_visual']","['put cup in left cabinet', 'put the mug away in the left half of the cabinet', 'open the left side of the cabinet and put the cup away in it', 'grasping the left handle, open the cabinet, then pick up the cup and set it down inside the cabinet', 'slide open the left door on the cabinet and put away the mug']","['put cup in right cabinet', 'put the mug away in the right half of the cabinet', 'open the right side of the cabinet and put the cup away in it']"
StackBlocks,"['stack_blocks_target0', 'stack_blocks_target_plane', 'stack_blocks_target1', 'stack_blocks_target2', 'stack_blocks_target3', 'stack_blocks_distractor0', 'stack_blocks_distractor1', 'stack_blocks_distractor2', 'stack_blocks_distractor3', 'stack_blocks_boundary0', 'stack_blocks_boundary1', 'stack_blocks_boundary2', 'stack_blocks_boundary3']","['stack 4 azure blocks', 'place 4 of the azure cubes on top of each other', 'pick up and set down 4 azure blocks on top of each other', 'build a tall tower out of 4 azure cubes', 'arrange 4 azure blocks in a vertical stack on the table top', 'set 4 azure cubes on top of each other']","['stack 3 azure blocks', 'place 5 of the azure cubes on top of each other', 'pick up and set down 2 azure blocks on top of each other', 'build a short tower out of 4 azure cubes', 'arrange 4 azure blocks in a horizontal line on the table top', 'set 4 azure cubes side by side']"
StackCups,"['cup1', 'cup2', 'cup3', 'boundary', 'cup1_visual', 'cup2_visual', 'cup3_visual']","['stack the other cups on top of the purple cup', 'place two of the cups onto the odd cup out', 'put the remaining two cups on top of the purple cup', 'pick up and set the cups down into the purple cup', 'create a stack of cups with the purple cup as its base', 'keeping the purple cup on the table, stack the other two onto it']","['scatter the cups randomly on the table', 'place the cups outside the boundary', 'put the cups in a line next to each other', 'pick up and throw the cups', 'create a stack of cups without the purple cup', 'keeping the purple cup aside, stack the other two away from it']"
StackWine,"['wine_bottle', 'wine_bottle_visual', 'rack_bottom', 'rack_top', 'rack_bottom_visual', 'rack_top_visual']","['stack wine bottle', 'slide the bottle onto the wine rack', 'put the wine away', 'leave the wine on the shelf', 'grasp the bottle and put it away', 'place the wine bottle on the wine rack']","['throw the wine bottle', 'drop the bottle on the floor', 'place the wine bottle in the trash']"
StraightenRope,"['tail', 'head_target', 'head_tail', 'Cylinder16', 'Cylinder15', 'Cylinder14', 'Cylinder13', 'Cylinder12', 'Cylinder11', 'Cylinder10', 'Cylinder9', 'Cylinder8', 'Cylinder7', 'Cylinder6', 'Cylinder5', 'Cylinder4', 'Cylinder3', 'Cylinder2', 'Cylinder1', 'head']","['straighten rope', 'pull the rope straight', 'grasping each end of the rope in turn, leave the rope straight on the table', 'pull each end of the rope until is is straight', 'tighten the rope', 'pull the rope tight']","['bend the rope', 'leave the rope in a loop', 'grasping the middle of the rope, leave it in a curve', 'pull each end of the rope until it is loose', 'loosen the rope', 'leave the rope slack']"
SweepToDustpan,"['Dustpan_4', 'dirt0', 'broom_holder', 'Dustpan_3', 'dirt1', 'dirt2', 'dirt3', 'dirt4', 'broom', 'Dustpan_5', 'sweep_to_dustpan_broom_visual']","['sweep dirt to dustpan', 'sweep the dirt up', 'use the broom to brush the dirt into the dustpan', 'clean up the dirt', 'pick up the brush and clean up the table', 'grasping the broom by its handle, clear way the dirt from the table', 'leave the table clean']","['pick up the dustpan and sweep the dirt', 'use the broom holder to clean the dirt', 'grasping the dustpan by its handle, clear away the dirt from the table']"
TakeCupOutFromCabinet,"['cup', 'cabinet_base', 'Plane', 'cup_visual', 'left_board0', 'right_board', 'left_handle_visual', 'left_board_visual', 'right_handle_visual', 'right_board_visual']","['take out a cup from the right half of the cabinet', 'open the right side of the cabinet and get the cup', 'grasping the right handle, open the cabinet, then retrieve the cup', 'slide open the right door on the cabinet and put take the cup out', 'remove the cup from the right part of the cabinet']","['take out a cup from the left half of the cabinet', 'open the left side of the cabinet and get the cup', 'grasping the left handle, open the cabinet, then retrieve the cup', 'slide open the left door on the cabinet and put take the cup out', 'remove the cup from the left part of the cabinet']"
TakeFrameOffHanger,"['frame', 'task_wall', 'frame_visual', 'frame_detector', 'head', 'picture', 'hanger']","['take frame off hanger', 'slide the photo off of the hanger and set it down on the table', 'grab a hold of the frame, remove it from the hanger and put it down', 'grasping the picture frame, take it off the wall and place iton the table top', 'take the picture down', 'remove the photo frame from the wall']","['take frame off the table', 'slide the photo off of the table and set it down on the hanger', 'grab a hold of the frame, remove it from the table and put it down', 'grasping the picture frame, take it off the table and place it on the wall', 'take the picture up', 'remove the photo frame from the table']"
TakeLidOffSaucepan,"['saucepan', 'saucepan_lid_grasp_point', 'saucepan_visual', 'saucepan_lid', 'saucepan_lid_visual']","['take lid off the saucepan', 'using the handle, lift the lid off of the pan', 'remove the lid from the pan', ""grip the saucepan's lid and remove it from the pan"", 'leave the pan open', 'uncover the saucepan']","['put the lid back on the saucepan', 'leave the lid on the pan', 'cover the saucepan', ""grip the saucepan's handle and leave the lid on"", 'keep the pan closed', 'do not uncover the saucepan']"
TakeMoneyOutSafe,"['safe_body', 'placement_boundary', 'dollar_stack2', 'dollar_stack1', 'dollar_stack0', 'money_boundary', 'safe_door', 'dollar_back_visual2', 'dollar_front_visual2', 'dollar_back_visual1', 'dollar_front_visual1', 'dollar_back_visual0', 'dollar_front_visual0']","['take the money out of the top shelf and place it on the table', 'take the stack of money out of the third shelf and place it on the table', 'take one of the stacks of money out of the top bit of the safe', 'take the money off of the third shelf of the safe', 'grasp the bank notes in the top and remove it from the safe', 'get the money from the third shelf', 'retrieve the stack of bank notes from the top of the safe', 'locate the money on the top shelf, grasp it, remove if from the safe, and set it on the table', 'put the money on the third shelf down on the table']","['take the money out of the bottom shelf and place it on the table', 'take the stack of money out of the first shelf and place it on the table', 'take one of the stacks of money out of the bottom bit of the safe']"
TakeOffWeighingScales,"['scales_body', 'scales_body_visual', 'SpringDamper', 'scales_meter', 'peppers_boundary', 'pepper2', 'pepper0', 'pepper1', 'scales_meter_pivot', 'pepper_visual2', 'pepper_visual0', 'pepper_visual1', 'scales_tray_physical', 'scales_meter_needle', 'scales_tray_visual']","['remove the red pepper from the weighing scales and place it on the table', 'take the red pepper off of the scales', 'lift the red pepper off of the tray and set it down on the table', 'grasp the red pepper and move it to the table top', 'take the red object off of the scales tray', 'put the red item on the item']","['remove the green pepper from the weighing scales and place it on the table', 'take the green pepper off of the scales', 'lift the green pepper off of the tray and set it down on the table', 'grasp the green pepper and move it to the table top', 'take the green object off of the scales tray', 'put the green item on the item']"
TakePlateOffColoredDishRack,"['plate', 'dish_rack', 'plate_target', 'plate_visual', 'dish_rack_pillar3', 'dish_rack_pillar4', 'dish_rack_pillar2', 'dish_rack_pillar1', 'dish_rack_pillar0', 'dish_rack_pillar5']","['take plate off the black colored rack', 'remove the dish from the black rack', 'find the dish placed between the black spokes of the dish rack and drop it on the table', 'grasp the plate from the black part of the dish rack, lift it up off of the rack, and leave it on the table top', ""move the plate from the black rack to the table's surface"", 'lift the plate up off the black colored rack and drop it onto the table from a considerable height']","['take plate off the red colored rack', 'remove the dish from the blue rack', 'find the dish placed between the green spokes of the dish rack and drop it on the floor', 'grasp the plate from the yellow part of the dish rack, lift it up off of the rack, and leave it on the chair', ""move the plate from the white rack to the table's edge"", 'lift the plate up off the purple colored rack and drop it onto the chair from a considerable height']"
TakeShoesOutOfBox,"['shoe1', 'box_base', 'shoe2', 'shoe1_visual', 'shoe2_visual', 'box_lid']","['take shoes out of box', 'open the shoe box and take the shoes out', 'put the shoes found inside the box on the table', 'set the shoes down on the table', 'pick up the shoes from the box and put them down', 'grasp the edge of the box lid to open it, then grasp each shoe, lifting up out of the shoe box and leaving them down on the table']","['put the shoes back in the box', 'close the shoe box and leave the shoes inside', 'place the shoes found outside the box back into the box']"
TakeToiletRollOffStand,"['toilet_roll', 'stand_base', 'toilet_roll_visual', 'toilet_roll_holder', 'holder_visual']","['take toilet roll off stand', 'slide the toilet paper of its stand and set it down', 'place the roll onto the table', 'get the toilet paper roll and then leave it on the table', 'remove the toilet roll from the holder', 'get the toilet paper', 'grasping the end of the roll, pull if off of the stand, and set it on the table']","['put the toilet roll back on the stand', 'leave the toilet paper on the stand', 'place the roll back onto the holder']"
TakeUsbOutOfComputer,"['usb', 'computer', 'usb_visual', 'tip', 'computer_visual', 'Plane', 'Plane0', 'Plane1', 'Plane2']","['take usb out of computer', 'remove the usb stick from its port', 'retrieve the usb stick', 'grasp the usb stick and slide it out of the pc', 'get a hold of the usb stick and pull it out of the desktop computer']","['insert usb into computer', 'push the usb stick into its port', 'leave the usb stick in place', 'grasp the usb stick and push it into the pc', 'get a hold of the usb stick and push it into the desktop computer']"
WaterPlants,"['plant', 'waterer', 'base_visual', 'plant_visual', 'waterer_visual', 'head']","['water plant', 'pick up the watering can by its handle and water the plant', 'pour some water on the plant', 'the plant needs hydration', 'pour water from the watering can into the plant pot', 'water the soil']","['pick up the plant and water it', 'pour water on the base_visual', 'water the head', 'pick up the plant_visual and water it', 'pour water from the waterer_visual into the plant pot', 'water the waterer']"
WeighingScales,"['scales_body', 'peppers_boundary', 'scales_body_visual', 'SpringDamper', 'scales_meter', 'pepper2', 'pepper0', 'pepper1', 'scales_meter_pivot', 'pepper_visual2', 'pepper_visual0', 'pepper_visual1', 'scales_tray_physical', 'scales_meter_needle', 'scales_tray_visual']","['weigh the green pepper', 'pick up the green pepper and set it down on the weighing scales', 'put the green pepper on the scales', 'place the green pepper onto the scales tray', 'lift up the green pepper onto the weighing scales', 'grasp the green pepper from above and lower it onto the tray']","['weigh the red pepper', 'pick up the red pepper and set it down on the weighing scales', 'put the red pepper on the scales']"
WipeDesk,"['sponge', 'dirt_boundary', 'sponge_visual']","['wipe dirt off the desk', 'use the sponge to clean up the desk', 'remove the dirt from the desk', 'grip the sponge and wipe it back and forth over any dirt you see', 'clean up the mess', 'wipe the dirt up']","['throw the sponge away', 'move the dirt around', 'ignore the dirt']"
ChangeChannel,"['tv_frame', 'tv_remote', 'spawn_boundary', 'target_button_topPlate0', 'target_button_topPlate1', 'target_button_topPlate2', 'target_button_wrap0', 'power_visual', 'target_button_wrap1', 'plus_visual', 'target_button_wrap2', 'minus_visual']","['turn the channel minus', 'change the television channel minus', 'point the remote at the tv and press the minus button to turn the channel minus', 'using the tv remote, ensure it is facing the television and press the minus button to increment the channel minus by one', 'find the minus button on the remote, rotate the remote such that it is pointed at the tv, then press the button to change the channel minus']","['turn the channel plus', 'change the television channel plus', 'point the remote at the tv and press the plus button to turn the channel plus', 'using the tv remote, ensure it is facing the television and press the plus button to increment the channel plus by one', 'find the plus button on the remote, rotate the remote such that it is pointed at the tv, then press the button to change the channel plus']"
OpenGrill,"['grill_root', 'grill', 'grill_visual', 'Shape1', 'lid', 'lid_visual', 'handle_visual']","['open the grill', 'grasp tha handle and raise the cover up to open the grill', 'open the bbq', 'open the barbecue']","['close the grill', 'grasp the handle and lower the cover to close the grill', 'close the bbq', 'close the barbecue']"
CloseGrill,"['grill_root', 'grill', 'grill_visual', 'Shape1', 'lid', 'lid_visual', 'handle_visual']","['close the grill', 'grasp the handle and lower the grill cover to close it', 'close the bbq', 'close the barbecue']","['open the grill', 'grasp the handle and raise the grill cover to open it', 'open the bbq', 'open the barbecue']"
SolvePuzzle,"['solve_puzzle_frame', 'solve_puzzle_piece1', 'solve_puzzle_piece3', 'solve_puzzle_piece4', 'solve_puzzle_piece5', 'solve_puzzle_piece6', 'solve_puzzle_piece7', 'solve_puzzle_piece8', 'solve_puzzle_piece9', 'solve_puzzle_piece10', 'solve_puzzle_piece11', 'solve_puzzle_piece12', 'solve_puzzle_piece13', 'solve_puzzle_piece14', 'solve_puzzle_piece15', 'solve_puzzle_piece16', 'solve_puzzle_piece17', 'solve_puzzle_piece18', 'solve_puzzle_piece19', 'solve_puzzle_piece20', 'solve_puzzle_piece21', 'solve_puzzle_piece22', 'solve_puzzle_piece23', 'solve_puzzle_piece24', 'solve_puzzle_piece2', 'solve_puzzle_piece_visual2']","['solve the puzzle', 'put the puzzle piece into the puzzle', 'pick up the puzzle piece and place it on the puzzle']","['disassemble the puzzle', 'throw the puzzle piece away', 'pick up the puzzle piece and drop it']"
PickUpCup,"['cup2', 'boundary', 'cup1', 'cup2_visual', 'cup1_visual']","['pick up the green cup', 'grasp the green cup and lift it', 'lift the green cup']","['pick up the red cup', 'grasp the blue cup and lift it', 'lift the yellow cup']"
PhoneOnBase,"['phone_case', 'phone_case_visual', 'phone', 'phone_visual']","['put the phone on the base', 'put the phone on the stand', 'put the hone on the hub', 'grasp the phone and put it on the base', 'place the phone on the base', 'put the phone back on the base']","['put the phone on the table', 'put the phone in the drawer', 'put the phone on the shelf']"
PutKnifeOnChoppingBoard,"['chopping_board', 'knife_block', 'boundary', 'chopping_board_visual', 'knife', 'knife_block_visual', 'knife_visual']","['put the knife on the chopping board', 'slide the knife out of the knife block and put it down on the chopping board', 'place the knife on the chopping board', 'pick up the knife and leave it on the chopping board', 'move the knife from the holder to the chopping board']","['put the knife on the boundary', 'slide the knife out of the knife block and put it down on the boundary', 'place the knife on the knife_block']"
PutBooksOnBookshelf,"['bookshelf', 'bookshelf_visual', 'book1', 'book2', 'book0', 'book1_visual', 'book2_visual', 'book0_visual', 'book1_front', 'book1_back', 'book1_side', 'book1_bottom', 'book1_top', 'book1_side_page', 'book2_front', 'book2_side', 'book2_back', 'book2_bottom', 'book2_side_page', 'book2_top', 'book0_front', 'book0_back', 'book0_bottom', 'book0_front1', 'book0_top', 'book0_side_page']","['put 2 books on bookshelf', 'pick up 2 books and place them on the top shelf', 'stack 2 books up on the top shelf']","['put 3 books on bookshelf', 'pick up 1 book and place it on the bottom shelf', 'stack 3 books up on the middle shelf']"
PushButtons,"['push_buttons_boundary', 'push_buttons_target0', 'push_buttons_target1', 'push_buttons_target2', 'target_button_topPlate0', 'target_button_topPlate1', 'target_button_topPlate2', 'target_button_wrap0', 'target_button_wrap1', 'target_button_wrap2']","['push the maroon button, then push the green button', 'press the maroon button, then press the green button', 'push down the button with the maroon base, then the green one']","['push the blue button, then push the yellow button', 'press the blue button, then press the yellow button', 'push down the button with the blue base, then the yellow one']"
PutGroceriesInCupboard,"['chocolate_jello', 'strawberry_jello', 'soup', 'tuna', 'spam', 'sugar', 'coffee', 'mustard', 'boundary_root', 'crackers', 'chocolate_jello_visual', 'strawberry_jello_visual', 'soup_visual', 'tuna_visual', 'spam_visual', 'sugar_visual', 'coffee_visual', 'mustard_visual', 'cupboard', 'crackers_visual']","['put the crackers in the cupboard', 'pick up the crackers and place it in the cupboard', 'move the crackers to the bottom shelf', 'put away the crackers in the cupboard']","['put the chocolate_jello in the cupboard', 'pick up the soup and place it in the cupboard', 'move the tuna to the bottom shelf', 'put away the sugar in the cupboard']"
TakeTrayOutOfOven,"['oven_boundary_root', 'tray', 'oven_frame0', 'oven_base', 'tray_visual', 'oven_knob_8', 'oven_stove_top0', 'oven_gas_source0', 'oven_knob_10', 'oven_knob_11', 'oven_knob_12', 'oven_knob_13', 'oven_knob_14', 'oven_door', 'oven_knob', 'oven_tray', 'oven_door_visual', 'oven_knob_visual', 'oven_tray_visual']","['take tray out of oven', 'open the oven and take the baking tray out', 'grasp the handle on the over door, open it, and remove the tray from the oven', 'get the baking tray from the oven', 'get the tray', 'take out the tray', 'retrieve the oven tray']","['put tray into oven', 'close the oven and put the baking tray in', 'grasp the handle on the oven door, close it, and place the tray into the oven', 'put the baking tray into the oven', 'put the tray', 'place the tray in', 'insert the oven tray']"
